id,flair,title,body,comments,score,author,url,domain,comms_num,timestamp
1jpfui4,Meta,Daily Slow Chat,"Hi there!

Welcome to our daily scheduled post, the **Daily Slow Chat.**

If you want to just chat about your day, if you have questions for the moderators *(please mark these \[Mod\] so we can find them)*, or if you just want talk about oatmeal then this is the thread for you!

Enjoying the small talk? We have a Discord server too! We'd love to have more of you over there. Do both of us a favour [and use this link to join the fun](https://discord.gg/BTX7cK3R4k).

The mod-team wishes you a nice day!",,1,AutoModerator,https://www.reddit.com/r/AskEurope/comments/1jpfui4/daily_slow_chat/,self-post,0,2025-04-02 06:01:23
1joykkv,Culture,Do you take your kids with you on holiday/vacation?,"I asked this on r/AskanAmerican and the response was pretty intense and eye opening.  So I wanted to get a European point of view too.

Prior to a work meeting, I mentioned how excited my family and I are about our upcoming vacation this summer.  A new co-worker asked me “you take your kids on vacation with you?”  I was kinda taken aback with this question.  I answered that I always brought with my kids along (15 and 12 now) since they were babies and never considered leaving them behind.  However, this co-worker mentioned he and his wife RARELY takes his kids (13 and 11) on their yearly vacation, and has only taken 1 vacation with them.

For those that do go on vacation/holiday, do you take your kids or do you leave them with a trusted friend or family?","I don't have kids, but everyone I know, both now and when I was a child, takes their children with them on holiday. Of course I take my children on a holiday. 

1. Where would I need to drop them?
2. Why wouldn’t they be allowed to have some time off
3. They should learn about other cultures as well
4. They should have great memories from their youth as well and vacations are for that.  


Usually 2 times a year. Spring or Autumn break (1wk, summer break 2wks). Christmas is at home, usually 1.5 wk My kids are still young, but I couldn't imagine travelling without them until they're mature enough to  be at home by themselves,  and if they really didn't want to come along. I even travelled with my family in my early 20s. I don't have any kids.

But my parents always took me and my brother and sister when we were younger...at least until 16 years old.Then I started to travel more with my friends and solo.

But up to 16? They would never have travelled without us! Of course I take my kid. Not taking him along would be strange. The whole point of a holiday is relaxing and spending time with the family. It would be quite rare to leave children behind unless they are older (upper teens) and have asked for it. The main exception I can think of would be if the children already have plans (like a summer camp or something), and the parents then use that to travel around. The only times I haven't travelled with my parents (while I still lived with them) have either been at my own request (mostly because I had plans with friends) or at new year, where they took a few days off with some of their old friends and left me with my grandparents until their return. If a parent says they are travelling, I'm gonna assume it's a family trip unless I'm told otherwise I don't have kids, but growing up my parents traveled both with us and without us. We'd usually do a 2-3 week long family trip every other year and my parents would travel for a week or a long weekend once or twice a year by themselves while we stayed home alone or with our grandparents. I don't have kids but my parents always took me and my siblings on vacation, or at least untill we were teenagers who thought we're *too cool* to do it. I have two under 10, absolutely they come. It’s family time and so far every European country I lived this was the norm. Some parents occasionally go away for a weekend or so leaving children behind (we would if we could). I can’t even imagine spending our summer holiday without them, it’s the best time of the year! My parents took us kids until I asked to stay home.

They recently came to Ireland and asked if I wanted to come with them 🤷‍♂️ I'm 31, won't say no to a free holiday in the West of Ireland (they asked to pay for it all). My kids are 12 and 18 and a vacation always included them and still does.
I might take a mini trip here and there without them to visit friends or extend a work trip.
These two are literally my favorite travel partners and I love to spend all my spare time with them 🥰 I think I stayed at home when I was 17-18 for the first time, before that, every vacation my parents had, they took me with them. Where else would I have gone? It's absolutely normal to take your kids with you on all your vacations. I don't have kids but my parents always took me and my brother with them whenever they went on vacation until we were grown enough and we decided we didn't want to go with our parents because that is lame and instead we wanted to be with our friends haha but they would still ask us if we wanted to go with them. I go with and without as someone always needs to be at home with the dogs. I just went on holiday just me and my 3yo to go whale watching. It was wonderful! Americans always have very strange takes. My wife and I have done a couple of city breaks on our own for a few days and I’ve done a few lads holidays but 95% of the time I we take the kids. Two kids, we always take them. Never heard of anyone who didn't do this, exept maybe for the occasional city trip. I have kids and they come with me always. 

I never heard of anyone with kids around me who doesn’t take them to the main chunk of yearly holidays. Can't afford going on holidays anymore, so no, not really. But most people around me do go with their kids. 3 kids (10,8,6) and we take them always along: skiing in winter and eastern, summer they love Italy and Thailand

All our friends do exactly the same

And yes once a year me and the wife have a weekend city trip when the kids stay at the grandparents. No fun in wine tasting and restaurants with 3 kids wanting pizza :-) When I was 14 or 15 I stopped going on family vacations by my own choice. It started to feel boring and I’d rather hung around with friends during the summer. But I also didn’t live by myself while my parents and younger sibling were gone cause my grandparents lived in the same house so there were still people looking after me. I'm in university and still travel with my family. My sister has finished uni and travels with us occasionally. I don’t want to be away from my child but I do know a couple that takes a week holiday every year without the kids to reconnect. It’s a bad marriage so I don’t feel that it’s working but there you go. I don't have kids but my parents take me on vacation sometimes. I always stay home with at least one parent but sometimes one will go on holiday without the other and me (this was before I started living away from home) but until I moved away at 16, I always had to travel outside of the country with an adult. It doesn't really matter to me anymore because now at 17, if I find at least one friend who will travel with me, I can go on holiday without my parents. No kids yet, but I was the last time away with family at 13 or 14.
My grandma lived in our house so I stayed home semi-observed. My parents went outside of holidays, so it was cheaper for them.
But yearly with my parents before that. 

It was less stress for all of us, I was asked and had ni interest.

Some years I went away and my parents stayed home as well. Grandma with my cousin, or just a week countryside at grandma‘s place. Or I was sent to some youth camp.  Yes we take them, every holiday. Only exception is 1 or 2 weekends in the year that my wife and I try to recover for the other 360 days of the year. I wish it was the other way around sometimes, but my mother in law always tells me that the love you’ll get in return is priceless. 

I guess that by priceless she didn’t necessarily mean the price per night for family accomodations (3 kids) during school holidays because someone decided the whole country needs to go in the very same weeks every year, after paying for shit expensive childcare for an entire school year. Both. Most holidays are with the kids, but my husband and I will sometimes go somewhere, just the two of us. Mostly a weekend here and there. Our kids are 12 and 16. My mam & dad took us away on ""sun holidays"" (i.e. Canaries, Greece etc) from around age 11 or 12 and holidays before that were just at home in a caravan 🤣


Just back from California with my 2 year old and I would have hated the thought of leaving him behind! Stressful at times but had family there to help, plus, toddlers are adaptable at that age!

Gone are the days of ""adult only"" all inclusive resorts in Lanzarote drinking gin & tonic and getting burnt to a crisp by the pool 😭 

Edit: adaptable, not adoptable. Although, there were times I considered it during his many breakdowns 

  As a Dane has already mentioned, we usually take our children on vacation. 

A few let their older teens stay home if they wish.

But in general, Danes see the holidays as an opportunity to be with family without school and work, to take time away from family. Looked up your post on the subreddit you mentioned. Answers seemed pretty reasonable to me. Majority said they take their kids most vacations and go on the occasional city trip without them. What’s so intense and eye opening about that? People often perceive a seaside holiday as a ""health improvement"" and take their children with them. My parents always tried to take me somewhere when I was a child. I'd say if the kids are about 16 or older and don't want to come along, I would let them stay at home. Until then, the kids will of course come along on vacation. We plan our vacations together with our kids, as a family. I don't have kids but my parents always took me and my sisters with them on vacation

I'd say that in Sweden it goes without saying unless the kids are late teens and don't want to go My parents took me with them on most vacations, but they did have one or two smaller vacations, like 4-5 days, a year just for themselves, during which I stayed with my grandparents.

But these were usually just for the purpose of relaxation in some spa resort. I don't have kids yet, but I have always gone with my parents on holidays unless I was visiting grandma/ was on scouts camp, etc. Even now, at 23, I would totally go with my parents and they would totally take me. Yes, always for holidays. Wife and I have had maybe 3 or 4 weekends away without the kids where they've stayed at grandparents (they're teenagers now). We've individually had the odd weekend away with friends/ visit to family. But no week long holidays without them. Of course! The only time a kid has been ”left behind” was when my then 6 month old stepson was with his grandmother/stepgrandmother (they split an extended weekend between them) when we went to celebrate my dads 50th birthday. Of course I took my child with me. Yikes
Unless its a ""romantic getaway"" why would anyone go without the children?!! I don’t have kids, but my parents always took me with them until I was 15-16, then they started going on the winter vacation without me, because I refused to go (I still hate snow and ice) and left me alone at home with grandparents living a few homes away checking on me randomly. The started booking me a separate room when I was 13. Not only would my parents never have travelled without me until 18 but I also had to go with them anyway until 18. But that was on the more extreme side. Other than that, 16-17 is the age when it's more normal to not travel with your parents if you don't want to. Below that is not super common. 

On the opposite extreme, my husband's parents travelled without him quite a bunch when he was still a kid (below 12). My parents decided that depending on the type of holiday/ destiantation. From age 5 onwards they took me with them skiing. When they went on couple holidays to fancier locations kids wouldn’t enjoy they left me with my grand parents and my dad would go to the UK or Ireland once a year with my godfather, leaving me at home with my mom. 
As I got older those trips became father son trips and I also got to come with them to the ""adult holidays"" but I got my own room and was basically left to my own devices there since their activities wouldn’t have been very interesting to me. They’d buy me a regional bus ticket or something and have me pocket money to explore. 

On anniversaries or birthdays they still went on couples trips without me and depending on my age, I’d either stay with my grandparents or home alone (13+)

We sometimes went on family trips f.e to Malta with a friends parents but there me and my friend were basically free to do our thing with the exception of breakfast, dinner and a trip every two days so we would explore the local town, play in the cool house we rented that had a pool or just walk around the big fields looking for lizards, while our Irene’s did… whatever they were up to. Don’t have kids yet but I’m my childhood our parents always took us with them. I mean, it wasn’t them “taking us with them” really, they just were family trips. They had a few trips alone but those were usually either very short ones (like going to another city for a weekend) or very long ones (like going to a different continent for 3 weeks) When our daughter was a pre-schooler we had (what we thought might be) a once in a lifetime opportunity to go to Japan, but didn't think she'd manage the flights. My parents offered to take her for the ten days, she was excited to go stay with the grandparents, so that's what we did.

We made sure to bring back lots of presents for both daughter and grandparents as well as sending pics and videos home.

She's 17 now and very into animé, while we're in a financial place that we could go again after all - trouble is, it turns out she's autistic and possibly with something like ARFID, so doesn't actually want to go anyway!

But otherwise, no, not only have we always taken her, we've usually asked her opinion about where to go - and indeed we're off to Sweden in August which was her idea... My parents mostly travelled with me, exceptions being when I was a baby and they went to NYC (I obviously couldn't have appreciated it but it hasn't stopped me from being a little jealous to this day haha) and when I was an older teen and just chose to stay home (but they still brought me along when I wanted to, even as a young adult).

ETA: I had a friend whose mother always went on vacation without her kids. When we tried to do our own vacation as teens, the mom refused to pay for it. My parents were friends with the mom but still considered it was selfish. (Trip never happened since most other parents refused because they thought we were too young - it's funny and cute that my parents trusted me enough to go to Ireland with my friends at 15.) I'm not a parent but I've never seen or heard anyone not take their kids on vacation here in Croatia. I'm older now so I don't take vacations with my parents, but that was my choice, they always offer for me to go with them. Don't have kids, but my mother was a single mother to a few kids. Before she had any kids, she travelled the world, lived in another country at 18 onwards and then came back home to Ireland. 

For the first 10 years of my life, my mother didn't travel *anywhere*. We didn't go on any holidays, maybe a trip down in the country, but even then, once or twice ever. 

My mother ended up travelling all over Europe when I was 10 upwards, but alone. As in, one trip was driving from the UK to France to South Spain. All over Italy. Germany, Greece, Poland, the Balkans. All over Europe. A lot of this was through help from a family friend, who was incredibly supportive of our family in a lot of ways. She didn't have kids, so I think she sort of adopted us. 

I originally was resentful of this and I do wish I could have memories of going on a trip with mam. I really wanted to travel. But she did sacrifice so much for us on a day to day, that in hindsight, I'm glad she got to travel a lot. She couldn't have afforded to bring all of us, so it was a one or nothing situation really. I had the rest of my life to do so and I've ticked off a bunch of places. Parents going on vacation without their teen/tween children was a weird thing that I learned *some* Americans do, when I lived in the US.  Even so, I think it's very rare in the US. I don't think my parents ever took a logn vacation without us kids and I have just dragged my 19 monts old through a 12 hour flight myself. I wouldn't consider going without him but I fully plan to do some occasional stuff on my own with my friends (like weekend music festivals, etc., until he gets old enough). Tbh, I am pretty sure Americans are alone in this world-wide. My son will be 11 this holiday season.
I intend to spend my vacation with him for as long as he enjoys the idea of being with his father.


The only scenario for vacation without my kid, would be putting him in some kind of summer camp of his choice and enjoying an activity he is not fond of (like bike packing or hiking) on my own. My parents always took me and my work colleagues also make their holidays a family thing. I don't know anyone who drops their kids somewhere and goes on holiday alone or with the spouse only, unless it's something like a weekend trip or a double holiday where the child spends the time in a summer camp and the parents are on vacation somewhere else. But somebody who refuses to spend holidays with their children would most likely be seen as a bad parent by most people I know. Yes of course. 

My husband and I have occasionally done shorter one-night stays without the kids. But I would never leave them to go on a proper holiday. I like to spend my time with them.
Kids are 8 and 11. Not European, but reading these responses, it seems my Canadian experience is very similar. Can't imagine taking more than a weekend without my kids, at least until they're 15 or so. That was the age I first opted out of a family holiday. I know anyone who would leave their kids behind.

I mean...I hate parenting 80% of the time, but vacation time makes up a solid half of the fun parts. I'm Norwegian. I've only heard about it one time in my life when the parents of a kid in my class took a week off during fall outside the school holiday and went to Spain leaving their kids at home. They were functioning drunks though, but I remember us being quite shocked by it at 12 years old.

However, it's normal for parents to go on long weekend trips in Europe without their kids leaving them in capable hands of their grandparents, etc. I think this is a good way to get some alone time from the kids and working on the relationship. Norwegians, and Europeans in general, usually have about 40 days off during a year, and parents should be able to have some alone time together as well. I think this is in the best interest for many families in the long run if they want to stay together. I took care of my two nephews for 4 days once when they were in kindergarten so my brother and his wife could spend some quality time together doing fine dining and adult experiences working on their relationship. I have two under 3. we only do staycation currently, because we want to spend time with our kids. When they get older we will go somewhere on vacation together.
For now, a long trip out the house will not be fun for any one involved. 90% I take the kids with me. Just been later years when I got bf in another country I went away to see him alone without kids. 
Now when he have moved here we always have kids with us on longer vacation. 

We going away for one night to another city at easter and then we leaving them alone home. But tho my kids are teens/young adults now Yes,.but we also sometimes arrange one or 2.nights away without the kid. The big yearly vacation is with him vacations are family bonding time.

So - while I have only one - we do take him as well.  
Great experiences, some father/child time, some mother/child time and parents/child activities.

Going to an amusement park with a kid is easier on the 'weird looks department'. Yeah they come along till they can take care of themselves. After that it probably will be a bit of a mix and match. Some with kids and done without. 

But I still have a good 15 years to go before that.. As a full time working mom, vacations are extra precious 

Why would I not share that with the person I brought into this world ?

Makes no sense 

So the answer is yes, all big vacations are with mini me (he’s currently 17). We live in Switzerland where he gets 1-2 weeks off multiple times during the school year, and Switzerland happens to be a VHCOL centrally located in Europe, so, yes, we’ve been on many vacations together 

It will only stop when he wants to stop or has other things to do ; but in general unless it’s a girls’ trip or something, he’ll always be invited 

I can’t imagine not sharing my best moments of the year with the person I love the most (I’m not married) We're almost always taking our kids on vacation. And we are travelling long distances by car, hiking, camping. No all-inclusive vacations whatsoever!

Only recently, as the kids got older, we started taking short ""parents only"" trips, going to some foreign cities for a couple of days, usually by plane. The only reason we go on holidays/vacations is so the kids can have new experiences, lol. We take shorter, weekend long holidays between my partner and I sometimes, but the long ones (+4 days) always include the kids. I love thinking up new places where to go with them, the sights they get to see, the experiences they get to have. Would be super weird to deprive them of those just for my comfiness. Besides, we are on vacation; it doesn't make any difference if they eat icecream and hamburgers for a week straight once or twice a year, they'll get normal and healthy food back at home rest of the time. Both can be fine. My parents took me to a lot of trips but sometimes also made a week like sailing without me. I had a lovely week at my grandparents. I just did 2 awesome trips with my own baby. But yeah would be way less stress without a small kid and in the future I can see my kid staying with his grand parents (if all Parties enjoy it) and my wife and I doing sth alone When they were young, yes always. As they got older, sometimes they would come, sometimes they'd go away with a friend's family, sometimes they'd stay home. When it was our 25th wedding anniversary, they hadn't been away with us for years, so we took them on an all-inclusive holiday to Jamaica. By then they were adults and we had the best time. It was our last ever family holiday and I'm so glad we did it.",31,Mata187,https://www.reddit.com/r/AskEurope/comments/1joykkv/do_you_take_your_kids_with_you_on_holidayvacation/,self-post,116,2025-04-01 17:34:59
1jp3ads,Politics,What makes you Proud to be European?,Initiative from /r/ProudlyEuropeanOrg ,"That after 1000+ years of on-and-off wars, most European countries have agreed to cooperate and settle differences through diplomacy. These decades of peace and prosperity that the EU/EEA has achieved shouldn’t be taken for granted. Of course, it’s a system with many flaws, but it’s night and day compared to what it used to be or how the rest of the world looks like. I never know how to answer such questions. What makes me proud to be woman, Polish, European ect 


I can answer what makes me glad and grateful to be  European.

 I believe our continent has extremely rich history and culture ... Not neccesarily the richest but definitely the best documented. 

We know so much about where our cultures come from, how they formed and how they interacted threw out history.

What our ancestors build and what they destroyed. How they built it and how they destroyed it. 

What great things they created that pushed the civilisation, art, science and humanity forward. But also what happens when Europeans show their worst  side. 

And what I am glad about is how those that came before us could take a good look at themselves and tried to fix it. How I see European integration (starting from Jean Monet and Robert Schuman) is an attempt to protect Europe at it best from Europe at it worst. Because Europeans at their best are fucking brilliant and in my view its worth protecting and developing. 

I am glad to be part of a community of nations that managed to turn the tide. We have million of problems but I am sure if we work together we will succeed once again. Now we need to protect ourselves from external enemy. But I believe that since we are managing our internal monsters pretty well, we can go threw anything others throw at us. If we take it seriously, work hard and diligently we can get threw anything and become stronger than ever ... And I don't think there is a single continent like ours with that much potential and so much going on for it. 

I am glad I am European and I am glad I am not from any other place. Not proud. Lucky. Born in a prosperous, free and safe place. Lucky. Walking around towns/cities with millennia of history/architecture/culture/science/religion/food. Lucky. In a timeframe were the french/brits/germans/spanish/portugese/greeks/italians/... have decided not to fight each other. Lucky indeed. [deleted] Football and just passion for sports (healthy tribalism if there is no violence)

The fact that I can enjoy and take part in so many cultures and feel accepted

How we can talk so much shit about each other but can come together

Europe is amazing and we are making more amazing by the day.The last 5 years have been rough, Pandemic, War, Social tensions, the economy, isolationism, but god damn it made me love my country and Europe even more.

Also Ode of Joy. Banger. After I moved from Europe to US I realized that people here can't use knife and a fork, or chew with their mouths closed, so I'm proud I have some table manners The history and diversity in such a relatively small area. So many interesting stories, languages, food, sights. The cultures really. Random first thoughts: Education (low cost, accessible, good quality). Diversity. Art. Renaissance. Roman Empire. Greek temples. French revolution. History. Modern art. Care for environment and the overall struggle to be ""better"". Literature. Philosophy. 

My partner: human rights, the overall quality of life, connectivity between countries and access those countries. Culture. All the inventions and research. Privacy. Food and the overall quality of products. Food and water safety. 

We ❤ Europe overall with all its good and bad parts. To a large extent, Europe defines (Western) culture. Things like art, architecture, literature, science, philosophy, opera, classical music, fashion, design, gastronomy, Christianity, folk traditions, etiquette, norms and values. 

It’s something that never seizes to amaze me. In fact, it’s impossible to digest all of it, as it’s simply too much. There is always something new and fascinating to discover, in every region, in every city, in every culture, in every people, every museum. 

There is just so much beauty and inspiration around us. It sounds a bit pathetic bit it also makes you feel rooted in history, and less egocentric (contrary to a certain nation on the other side of the pond) as you’ll learn that you’re only a fart in the wind that is called history from quite a young age. 

It’s why I think Europe will continue to define Western culture, and that makes me proud in a way. I know this is corny, but there it is, in no particular order:

* Being able to enjoy Paella, Pierogi, Gnocchi, German Doner, and knowing they won't kill me.
* Living free and in peace.
* Football! All of it! The teams, the history the way people watch it in pubs and bars or at home.
* Seeing the corniest, craziest bangers on Eurovision.
* Visiting dozens of other cultures as if I were at home, knowing that the locals are as free as me, not enslaved people who earn in a month what tourists visiting them spend at some kitschy restaurant in a day.
* The most pretentious and avant-garde art.
* Seeing beautiful sports cars, but being able to travel anywhere by train.
* Knowing that I live in the land of the Roman Emperors and the crusading kings and the enlightenment thinkers and of the people who saw the horrifying face of modern war and decided they'd rather unite with their former foes than let us see it too.
* Meeting a girl from the other side of the continent and being able to meet with her halfway between our countries as a teenager without a passport.
* Beer. Good beer.
* Being free from the prudish sensibilities of the rest of the world.

And I know not all apply to everywhere in Europe, because Europe isn't all the same, but if it were, it wouldn't be Europe. Can't say I'm proud to be European because it's too general of a concept, but I think it's uplifting that so many different cultures, after a thousand years of aversion and wars, decided that it will make more sense to work with another, create new opportunities, work on understanding one another better as well. It is somewhat inspiring. Perhaps it's not perfect, maybe it's not always working, but we know we are stronger together than apart. Life is good, comfortable and secure. My best friends can live near to me despite being born in different EU countries far away. We travel together to their places of birth without trouble or hindrance (very recently for my Romanian friend, but still). Life is good. We are together. We are all Europeans. The kinship with fellow Europeans - we are all like a big family. And FoM - unrestricted travelling and moving to other EU countries. (Western) Europe is the norm which many countries try to reach socially, economically, and the EU is a good alliance. This gives me pride. Past sixty years of ‘stitching together’ Europe while respecting each country, growing together to form the European Union. The European dedication to democracy and human rights. Not an easy to solve problem.

Plus, the European architecture. It's what I missed the most when I was living in USA. Europe is the original home of almost every single social construct that makes my life worth living. Most notably being the rule of law, representative government and human rights. Especially now that the US has taken an authoritarian turn, I am more than ever grateful that we Europeans have managed to build societies that remain true to these ideals. our un-beaten history, and now we are all united, we should be proud of our joint history, our continent shaped the world as we know it! Viva Europa 1) My home country Germany announced an increase of the military budget by a lot and our neighbors, which have every right to be freaked about it, trust us.

2) That there's no leader on top, it feels like there is some kind of checks and balances between the states.

3) Many languages, but somehow the whole continent feels like a home. The quality of our food and the standards it needs to be to keep us safe. The places we can just sit and chat without costing us money like meeting squares. Our public transport for the most part. The walk ability of our cities and their rich cultures. The safety of our children in school and our gun controls and the education systems we have are usually of a high standard. The social safety nets in place for when we need them and the relief of not having medical debt or massive student debt to worry about. Also our employment laws to protect us all going from the very young to the old. Obviously there is plenty of room for improvement but we have a lot to be grateful for. I really like the education for no reason. The fact that you can find people going to art galleries, museums and reading books on academic subjects which will never help their job prospects or careers. The diversity of people, culture and languages, open borders for citizens, the possibility of working in different countries without having to beg for a visa. I wouldn’t necessarily say proud but I’ve always felt more at ease around other Europeans- regardless of what people may say about us being completely different from each other, we share a common framework of what it takes to makes a society function, through that what it takes to make it a good society for the majority to *live* in. 

We’re constantly told that Americans are our close allies, that we’re not so different. But especially lately, and when you strip away the surface-level similarities, their entire concept of civilisation, society, government, and even freedom operates on a completely different axis. 

The last few weeks have really shown me that they see government as an obstacle; we see it as a tool. They prize unchecked individualism; we prioritise collective stability. One system produces a fragmented, every-man-for-himself uphill struggle, the other a functional, and more equitable evidence-based society. I’m not sure if there are many areas of the world as unique as Europe. By and large, we have a very high tolerance for alcohol.

I've been to the US many times when I was in the Navy and those guys over there are terrible at it.

5 or 6 pints of weak pissy beer and they're rolling around puking up and embarrassing themselves. Despite the very obvious conflict between Russia and Ukraine, I'm incredibly proud to be European because over the course of the last century we have achieved a peace that could never be imagined before. Every single one of our nations were smote by the trauma of two entire World Wars, have seen the evilest of humankind first-hand, felt the tensions of the Cold War, yet by the end of it we have achieved a near continent-wide peace. Something our ancestors from the Middle Ages unfortunately never got to witness. 

We as Europeans know very well that wars are not caused or wanted by common people, but instead our leaders choose when they happen for us. It's an unfortunate reality, but unlike in the past, we in the modern day are much more aware of this fact than we used to be. *That* is why I am proud to be European and always will be. The fascinating history of Europe as a whole or its individual countries, diversity in cultures and traditions, it’s progress and development, it’s innovation and inventiveness but above all - despite all kinds of differences - the conviction that only cooperation and collaboration can secure lasting peace and friendship and are the best prospect for a prosperous and sustainable future. Nothing. I am proud on achievements I made or when friend or famliy achieve something I feel proud for them. But not because I happen to be born in a place which happen to be part of a piece of land called Europe. Weird concept to me.

Also I feel way more connected to the city I was born above anything else. Sadly I’m not but just living in Europe. But if I’m, I’d say the profound history, democracy, a world with more equality and personal rights, diversity and inclusiveness. Maybe it's controversial, but I think you can't be proud of something you didn't do yourself. Did you choose to be European (nationality - a reason to be “proud”)? Did the starving people of poor African countries choose their fate (nationality - a reason to be “ashamed”)? (after reading some of the comments) Did you fight for 1,000 years and peacefully reunite at the end? Did you PERSONALLY accomplish this? I don't really. I'm here by random chance and I don't really buy into the idea of a common European identity. Europe is ok though I guess, could certainly be a lot worse. Tbh I don't know really. I love the concept in how it should be nowadays, but I'm Irish, I feel like until a few decades ago we pretty weren't treated as properly European. I want to be proud of it. Europe is the best part of the entire world to live in for sure, but I didn't choose to be European, this is just where I fell out the womb. I hope in future when I get better I can contribute in some way, then I'll be proud Nothing in particular. It’s not my doing that I was born there and I am proud of my own achievements not coincidences. I am happy I was born there though. Unity through diversity. We live that. 
We tax ourselves because it’s the right thing to do
We care for others
We open our borders between each other because trading is more fun than waging war We don’t need war. We actually have freedom! We have so many different cultures and nations in friendship and peace together. 
So much history shared. 
Long historic proud countries. 
It’s the best. And especially right now it’s showing it. The thousands of years of history and the fact we’ve all gone through war after war after war yet now we’re all here stood proud. sucks that some organisations wants to rip apart our heritage and cultures, we are all unique but we should all be united, maybe not under flag but under many that shows our homes and heritages.

as someone whose from England but has a very expansive ethnic heritage from England all the way to Ukraine mains ones being 🇬🇧🇩🇰🇺🇦 shit makes me love Europe. I'll start: Our Music / DJs! – Proud to Be European Playlist, 
https://on.soundcloud.com/gyRyZvXV1e5Kj8is9 I'm not proud to be European. I always, and probably stubbornly wanted countries to work together in the EU and not morph together. I want the countries to be independent. But if that won't happen then aside of that I'm proud of that people are good against each other. I find ""Proud to be European"" extremely cringe.

To be proud of where you originate from is something someone with nationalistic tendencies would say, and something weird in itself as it is not an accomplishment. ""Proud to be European"" does not make sense to me at all.

Do I feel I have a common heritage with someone from Italy, Spain or Greece? Not really, I can't say I am proud that ""we invented pizza and philosophy"", that would just be weird and very cringe. But I do perceive common interests, an admiration for their cultures, rich history and food traditions? Yes I do, and I am grateful for our cooperation in the EU. 1) Being borderless
2) the solidarity between countries in general, but mostly when there are forest fires I don't really feel pride in being an European because I don't really believe it's something that exists. We are citizens of our countries, the EU is too damn right wing for me to love it.

But I'll be damned if I'm not proud of seeing how almost all the countries of Europe have managed to leave the darker aspects of our past where it belongs. In the past. I am not European, I am myself first and a Francophone second. I am proud of Francophony for its artists, its philosophers, its philosophy, its mathematicians and its inventions. I love the EU and my country, and I love the fact that European countries cooperate, but ""proud to be European"" sounds weird to me. What does that even mean? I don't know if I can be proud of something that I don't fully understand.

Is proud of being born in Europe or being born European Union? Is being proud to live in Europe? Can non-European that move to Europe and gain a European nationality be proud of being European or they can't be because they are not from here originally? Do they have to have European ancestry or not?

Is proud to be European, valuing democracy and cooperation between different countries or trying to forge a cultural identity that embraces different countries.

I'm overthinking, or it's just very vague? Maybe it's on purpose. I'm not proud to be European, because I did not do anything to achieve that. I simply *am* one. If there is no effort, there can be no pride in that itself.

That said, I am proud of our collective efforts for peace and stability and that we have overcome centuries of strife to work together (at least within the EU). Europe is by no means perfect or always fit to sit on the high horse it sometimes does, but considering our history, we have come far. And we are growing closer still in our solidarity, as we are being threatened from both east and west. And I am proud to be part (however tiny) of that collective effort myself In a world of fearless competition we have found a path to cooperation and truely peaceful conflict resolution. That most of us have each others backs. Our general sense of people first, corporations second. This can vary though Being ""European"" is not a significant part of my identity, but I appreciate that our continent, broadly speaking, stands up for liberal democracy in this day and age. That after killing each other for so long, we were able to put aside differences and unite to help each other May I quote a song? ""European Superstate"" by Killing Joke, from their album ""Absolute Dissent"" (2010).  
  
I'm a Judeo Christian morality  
With a Greco Roman intellect  
It's the way we're short-wired  
It's a civilizing force that demands respect Not sure why i should be proud to be European ?

I am glad i am from Europe and i live in Europe, but i don't think i have done anything that should make me proud to be European.

Being proud about things that had nothing to do with me, or being proud simply because i happened to be born in Europe seems a bit strange to me.

Also i never actually refer to myself as European in real life, i do it sometimes online. I always say i am Norwegian in real life. Our ability to curse each other out, badly in different languages and with feeling. Then to still get along. We may squabble amongst ourselves but there is an undeniably deep connection in both culture and values between our peoples. Even though we dont see eye to eye in all matters there is at least always a certain measure of respect. We have shared this continent together for a long time and each of our countries have a shared history in one way or another. Many things but the most recent one and one I look forward to more of is support of and aid to Ukraine, really nice 👍 Being the cradle for the vast majority of scientific and technological progress of humanity. 
History, culture, western civilization. I think it’s odd to be proud of Europe as a european. I guess i could understand someone being proud of the EU and it’s achievments, but i think it would be much more natural to be proud of your country. I'm not proud to be European. I'm moderately happy to be European because it's a nice place to live in the world. The premise is just wrong. You cannot - or should not - be proud of being born as X. You can only be proud of you or your kins achievements. European people's response to what Trump and Vance did to Zelinsky and Ukraine in the white house, the boycotts of products and tec started the next day while EU politicians are still debating. I was never more angry at politics that day and the following day never been prouder to be a European.
I'm not having a go at EU politicians but the immediate reactions of the people was beautiful The European Union is the most successful peace process in history. It looks like we might have to fight to maintain that within the next few years. Strongmen dictators like Putin and Trump are envious of our open liberal freedoms and will try to destabilise us. We need to assert ourselves but I fear that the long period of peace we are enjoying has made us complacent I don’t have to worry about an orange turd with his cronies wrecking havoc on my country, I don’t have to worry about living in debt forever after our kids finish their education (it’s free), I know my kids are safe in school because we don’t have idiots walking around with guns, if we end up in the hospital from any reason imaginable it’s almost free - it will never bankrupt us.
We are friendly with our neighbouring countries and respect each other. 

That’s something to be proud of. The white race comes from Europe and so being european encompasses the spirit of the race.  
Being European thus means belonging to the people that has made the greatest art pieces in the world, that has fought the most valient wars, and  that helped humanity with an unequaled selflessness.

From Gibraltar to Vladivostok, long live Europe. I'll answer assuming this is not some sort of american style April 1st joke.

As a Catalan there's nothing really to be ""proud"" of by for European, least of all for being a EU member state European when not just the right to self-determination of its stateless nations is (perhaps understandably even if massively hypocritically) ignored but the very cultures and languages of said nations are not seen as deserving of an official status in its institutions. 

There is also no ""European identity"" beyond a few bureaucrats who live in a bubble of their own, perhaps some scholars too?

It didn't have to be this way and there was an enormous democratic and federalising (thus at least putting the seed of a true ""paranational identity"") potential but that's a pipe dream. 

I'm way prouder of Korea being willing to offer me citizenship in the future, though It must be how you hoodwinked the Americans for paying for your defense and let you ban and tariff American products without a response. Europe is a rich tapestry of cultures, historical events that has shaped the world in many ways that i cant stress enough. 

And what makes this stand apart from others is that this continent is where the greatest project of i ternational peace and unity, the EU, has formed and it keeps evolving. 

These among other reasons is what makes me proud to have been born as a european. 1. Classical music.

2. Scientific discoveries. 

3. Civil/Roman law.

4. Knowing how to properly use a fork and knife (looking at you USA people, most of you look like literal toddlers when eating). Imperial and colonial history aside, mostly our industrial and innovative nature (especially the British) to explore, conquer on a scale never before seen, and deliver civilisation across the globe. When Ireland was given independence, PM David Lloyd George could speak Welsh and said to the Irish that ""remember, Gaelic has no word for 'republic'. We gave you that word"". The British (again after a tragic colonial history) also had a doctrine of emancipation and ending slavery at every corner of the globe that it touched, even offering to buy slaves in the Caribbean before granting them freedom, decades before even the Americans needed a civil war to decide if slavery was good or bad. Not just the UK though but the whole of Europe, the birthplace of new ideas and democracy. No other continent on the planet can say the same thing. 

Indians will often say that their civilisation was advanced before the British came and plundered it, but it's also important to remember that before the British, many Indian states practiced ""widow burning"" which sounds exactly like what it is. When Brahmins said ""but this is our culture"", General Charles James Napier said ""Be it so. This burning of widows is your custom; prepare the funeral pile. But my nation has also a custom. When men burn women alive we hang them, and confiscate all their property. My carpenters shall therefore erect gibbets on which to hang all concerned when the widow is consumed. Let us all act according to national customs"". If that Indian civilisation was so advanced, then I don't think it's a civilisation I'd want to be a part of. 

What amazes me about Europe is how fast and advanced we were to the rest of the world. China had gunpowder long before us, yet we came in the 1800s with muskets of our own design and opened up trade to force opium down their throat, delivered by massive fleets of ships made out of nothing but wood and cloth. A lot of European history is soaked in blood and war but you have to respect the means of doing that because we were truly unique in that aspect. Even today you have uncontacted tribes living like it's the stone age, while Europeans said ""nah I'm good, I'm gonna see what's over here. Oh look, coffee and bananas"". I don't think there was any particular reason for Europeans to develop as fast as we did, it just kinda happened. Most institutions, government forms, and industries all came from European minds and you could argue that it was Europeans who united and advanced the rest of the world, regardless of the means in which it happened. Even things like roads and lighthouses all go back to the age of ancient Romans and Greeks. 

Everything you do, have, own, or every idea or modern government you lived under; you owe to Europeans. Honestly, it's mostly the fact that i'm not American. 😅

But I'm also grateful to be on the more prosperous side of the world, even if it is just eastern Europe in my case. I'm pretty happy we're part of the EU and i think I appreciate this more that than being a citizen of my own country. That Canada wants to join EU.

Canadians are so badass, they are orange clown kryptonite.

Elbows up!",142,EveYogaTech,https://www.reddit.com/r/AskEurope/comments/1jp3ads/what_makes_you_proud_to_be_european/,self-post,251,2025-04-01 20:42:43
1jp0xoz,Education,What short stories do you learn in your secondary level (12-18 years) education system.,"So to preface this I am a teacher and hoping to make a module on stories in translation, overall theme is stories that were translated into English. As such the original story can't be in English but any other language.

To help with this I thought I'd ask, do you have any good recommendations for such stories? What stories did you cover in school? Age range here is around 12-18 I'm looking at here, but any story you covered is good.","I don't get a question. We have a lot of books in mandatory curriculum, national or foreign authors, but those are complete books, not just short stories. [Wolfgang Borchert](https://en.wikipedia.org/wiki/Wolfgang_Borchert) is a popular example of the so called ""rubble literature"" immediately following WW2. Well known short stories include [The Kitchen Clock (Die Küchenuhr)](https://therhinocolumn.wordpress.com/2014/05/01/the-kitchen-clock/), [The Bread (Das Brot)](https://web.archive.org/web/20110613203314/https://www.bsu.edu/classes/warner/resource/dasbrot.html), or [Rats do sleep at night (Nachts schlafen die Ratten doch)](http://www.ejcampfield.com/rats.html), which have been staples in German class rooms for decades. I'm trying to think, but I can't actually remember ever reading a short story in school. We mostly did poetry, plays or longer books. Would any of that help too? We don't _learn_ short stories. We read full books as homework (either child/young adult novels or age appropiate classics), and as part of the lessons we read famous poems, or chapters from more complicated classic books. All of them by Spanish authors. Damn! It doesn't count but in 10th grade I had some of Edgar Allan Poe short stories in Baudelaire's translation (*Nouvelles histoires extraordinaires*), the only school-assigned book I actually finished that year. In France, I think that a lot of people study La parure by Maupassant because I've regularly seen people talking about it when I was on twitter. The plot twist is awful. 😭

[English Wikipédia article ](https://en.m.wikipedia.org/wiki/The_Necklace) Tadeusz Borowski *Proszę państwa do gazu* - one of the most harrowing testimonies of the Holocaust to appear on a high school mandatory reading. The story is an extremely powerful depiction of the hell of the concentration camps, presented from the perspective of a prisoner who gradually loses his humanity.

Marek Nowakowski *Górą Edek* - the author, using a simple situation from everyday life - a fight for a parking space - shows a broader social problem, which is the growing aggression, rudeness and ruthlessness in interpersonal relations

Andrzej Stasiuk *Miejsce* - by describing the fate of an Orthodox church moved from its original location, the author prompts reflection on the concept of place.

Olga Tokarczuk *Profesor Andrews w Warszawie* - Tokarczuk, a master of subtle observation, portrays in this short story both the loneliness and confusion of an intellectual in an alien environment, as well as the chaos and uncertainty that accompany social upheaval.

Eliza Orzeszkowa *Gloria victis* - almost fifty years after the fall of the January Uprising, Orzeszkowa wanted to remember the efforts of the insurgents. She believed that young people, subjected to voluntary or forced Russification, were forgetting the role of these events. Meanwhile, for the writer, who herself actively participated in the uprising, this was unacceptable.

Henryk Sienkiewicz *Sachem* - tells the story of an native American settlement destroyed by white people. Its fate is meant to warn Poles of what could happen to Polish culture.

Bolesław Prus *Kamizelka* - the story is told from the perspective of a neighbor-narrator who buys back an old, damaged vest. We were allowed to choose any books we wanted from the library or from home – so we are not really learning about specific stories, but rather we are able to choose from any stories available to a 12–18 year old.

But I do remember 2 stories that were forced upon us by our teacher:


* [To Kill a Child](https://en.m.wikipedia.org/wiki/To_Kill_a_Child_(short_story)) (1948, Stig Dagerman) – A short story about a child crossing a street, their grandparents in need of sugar, and a romantic couple in a fast sports car heading to the beach.


* [Secrets in the Fire](https://en.m.wikipedia.org/wiki/Secrets_in_the_Fire) (2002, Henning Mankell) – Based on the true story about Sofia, an African girl who has been forced to flee her hometown after its been destroyed by bandits, and later lose both her sister and both her legs when they step on a landmine. These were the standard short story textbooks under the old curriculum for England:

https://archive.org/details/isbn_9781494251703 We didn't read short stories, only full books, and we chose them ourselves. However, it was ever popular to choose books of the shortest length one could get away with. 


As a result, one of the most popular books is ""Het gouden ei"" (the golden egg) by Tim Krabbé, which is only 97 pages long. It has been translated into multiple languages including English, and also made into two movies, one of which is in English with quite a big cast: The Vanishing.



Similarly short and popular to read for the curriculum is ""Kaas"" (Cheese) by Willem Elschot. It is 114 pages long and has been translated into many languages as well. We did a lot of local legends ""Sagen"": they are local and play out with real documented villages and people. Often explaining nature phenomena and weirdly shaped rock formations (a woman shaped stone formation or a lake with a silver shimmer...).

Every kid would get the task to look for a story and then - at the beginning of each class - tell one to the class. Spread over the course of the year. Some wrote plays, some rapped and rhymed, ... everything was allowed. Everybody loved going to this class. I think we were 12 or 13 doing this. Got really into it. We did some stories from *Favole al Telefono* by italian author Gianni Rodari, some from *Le Petit Nicolas* by french author René Goscinny, and from portuguese author Mário de Carvalho two very short novellas called *Casos do Beco das Sardinheiras* and *A Inaudita Guerra da Avenida Gago Coutinho*.

Some others require a bit of context: from the book *O Homem do País Azul*, stories share a theme of freedom, revolution, and war. The author Manuel Alegre drew from his experience living under the portuguese fascist dictatorship, having himself been a political prisioner and lived in exile for a while. From the book *Contos da Montanha*, the stories describe the abject poverty, deep catholic roots, and a life of ignorance and dispair in villages in Portugal in the 1930s. The author, Miguel Torga, wanted to paint a picture of what he saw in his life as a doctor, as an act of protest against the politics of the fascist state. It was first published in 1941 in Brasil, having previously been banned by the censorship arm of the portuguese state. [removed] Well in year 6-7, we do short stories like some one about an African lion and I can't remember and others.  And just before going into gcsc curriculum atleast in my school is nothing. Literature which is usually extracts of famous gothic stories like frankenstien and dracula etc I mainly remember short stories from foreign language classes.

The only one I remember from the top of my head is The Destructors by Graham Greene.

Good stuff. We read newspapers and magazines for German and French as a source for shorter articles. They weren't covered in class, but as individual homework, so each child chose something according to their preference. One of my favourite books I had to read for school was Kishon's My Family Right or Wrong in the 8th grade. It's a collection of funny short stories. I didn't read the English version, I read the Croatian one. I think the book was originally written in Hebrew.

We also did Christ Legends by Lagerlof in the 6th grade and Boccaccio's Decameron in the 9th grade. But I didn't like those as much. Most of the other books we had to read were novels and not short story collections.",8,Suggest_For_Teacher,https://www.reddit.com/r/AskEurope/comments/1jp0xoz/what_short_stories_do_you_learn_in_your_secondary/,self-post,28,2025-04-01 19:09:35

1jptled,Culture,What are the best nicknames you have heard for a person?,"I'll start with one.

I worked with a guy called ""Tasty"". He was bitten by a student in the school we worked in. ","My coworkers call me Duraflame because I had two apartment complexes I lived in catch fire within a 3 week period (not my fault either time) Väliliha, so Taint in English. I was in the same squad with him in Basic training. His bike saddle was tilted on one 20km ride and rubbed his taint sore. He then complained that for weeks, so the name stuck. I knew a guy who was called ""Little Lung"" (in translation). Not because he was often short on breath or anything, but simply because his dad was called ""Big Lung"". No idea what the origin story was for the dad's nickname, though. My former classmate is called ""Jesus"", because he decided he'd build a boat from a door and a bunch of plastic bottles when he was 15. 


He tied them under the door and sailed around the river for a while. He didn't sink but the water reached his feet so the door was not visible and he looked like as if he was sliding on the river on his feet. We had  Short, Long and Morse, reason they were all named the same name and Long was tall person , short was  short and Morse was in-between.  Together they were know as  The Code, even teachers call them that. “The Viking” tertiary acquaintance who wore exclusively Viking brand safety shoes in college. Afterwards it carried over into his work life to the point where his coworkers would forget his real name, at a project meeting he was genuinely introduced by it when the lead couldn’t remember his name. A bit of a late bloomer, the name was initially slightly ironic, him being short and dumpy, but it spurred him to work out, fix his posture and grow his bread. Now he definitely lives up to the name. A friend of mine told me a story of how he and his army friends went to a strip club to celebrate one the guy’s birthday. They bought the birthday boy a lapdance and when the stripper finishing the show the guy wanted to tip her, but had no paper money at hand so what he did was, he grabbed the stripper’s underwear and pulled it like he was opening a drawer and dropped a handful of coins in, half of which just missed and dropped on the ground.

They still call him 50 cent. ""Truella"" was the nickname of an archaeologist I briefly worked with. Truelle(Trowel)+Cruella.

She had a reputation to be insufferable and she wore false nails when she wasn't on the field. I don't know if she really deserved it but it was a good pun. The old Byzantines had some really great and epic nicknames. Such as Basil II, who was nicknamed ""Basil the Bulgar Slayer"", and Nikephoros II who was nicknamed ""The White Death of the Saracens"". A less flattering nickname was that of Constantine V, who was called ""The Dung-Named"" because he pooped in the water during his baptism as a baby - and because he was a very staunch iconoclast. And then there is also the Byzantine priest who in his texts referred to the Virgin Mary as ""She Who Bore Him Without Semen"". Turbo - he wasn’t handicapped just super slow and took days to understand a joke, so got the nickname. When I was studying we had a guy named Jack, and when he came out as being gay we called him Jack the Rimmer and we would retell every story about him and  other men as if it was a mysterious 19th century murder.

Not proud of it, but had a lot of fun. And Jack loved it. Not very nice but we knew a guy called Ticker. He looked like he had no neck so he became Ticker No-Neck.

Was also another guy who was really big, really ugly and had a long prominent hooked nose.  He was known by everyone as Womble. Nieuwsblad, that’s our nickname to our neighbour. Nieuwsblad is actually a newspaper here in Belgium and we refer to him as the walking news paper/tabloid. By the way it is just me and my husband who refer to him in this nickname in private. A good friend of mine who is 160,8 cm tall (don’t forget the 8 mm!) used to get called 1MP, One Meter Peter.
Always thought that was hilarious. My brother has ""fart"" for family and ""kungu(brother)"" at work because he hiptrown someone that was roadraging while he wad on the road to a client. There is a guy where I live who was wearing these big boots the first time I saw him... His name is boots..... Mines Josef Stalin… My mates call me it because I am Georgian and speak Russian. Not because of a mighty mustache. Knew a fat girl in school Ivana that once got called ""Ivana Debelana"", where Debelana is how you refer to a fat girl. Felt bad but it was kinda funny.",33,Annatastic6417,https://www.reddit.com/r/AskEurope/comments/1jptled/what_are_the_best_nicknames_you_have_heard_for_a/,self-post,39,2025-04-02 18:57:08
1jpbrv2,Politics,Why are European countries the most gender equal?,"According to the Gender Inequality Index 2022, Social Institutions and Gender Index 2023, Women, Business, and the Law 2024, Global Gender Gap 2024, and the SDG Gender Index 2024, European countries are always among the top most gender equal countries in the world. Many of these countries are Nordic.

Why are European countries the most gender equal countries? What is it like being a woman in these countries?","Welfare & social services.

Once women can access decent contraception (without needing a man's permission), free education, have access to maternity leave and protections at work that stop them getting fired for having a kid or needing to pick one up from school, and have support from the state if their income drops due to being a single parent, they suddenly do way better.  They aren't trapped in shitty relationships for financial reasons, don't end up stuck in low paying poor treatment jobs, and don't have kids they don't want. >Why are European countries the most gender equal countries?

There's a pretty strong correlation between not treating women like second class citizens and the percentage of the population who don't consider themselves religious.

That means women have access to education, jobs etc.

Then there's the whole access to birth control issue Welfare

We have good parental leaves (for both parents), free education until unversity (with an additional government grant every year), most workplaces are quite considerate if you have kids and will adjust your schedules (both parents) if you have to go pick up kids from school or daycare or whatever. This means that women have equal opportunities to get educated and placed in the work force, and they dont have to be the only caregiver for their children. Some people when they visit Denmark for the first time are very surprised when they see fathers out with their kids in a stroller without the mother. If you are a single parent you get government support, so you are not burdened with childcare alone. The international women's day has it's origins in New York and Copenhagen, and a lot of acts like same-sex partnerships, transition surgeries have been here for a while. Jente Law is also a cultural aspect which promotes equality in a way.

And still, there is a gap in wages across genders, unfortunately. We exported a significant amount of our religious nutjobs to the American frontier. So they didn't get to influence Europe as much, but took that influence with them across the pond. Do not fool yourself, there's still a lot of misogyny. You can't change culture with laws. But you can make laws to promote gender equality and in Europe we did.

Laws like free contraception, free abortion, no discrimination in access to education and jobs (still exists but by law it shouldn't) and even some positive discrimination programs. A healthy dose of secularism. Most of the sexism/sex inequality comes forth from more strict religious parts. For example the SGP (reformed party in The Netherlands)  is against abortion, birth control, etc. Same with DENK, the islamic party. There are definitely more moderate Christian parties as well who have left most of that behind (or at least don't empathise it). Well, it's

1) making sure pregnancy drags you down as minimally as possible (you get to decide if/when, maternity leave is guaranteed and can't be a cause for discrimination, making childcare cheaper, etc)

2) having as many women in the workforce as possible - housework is invisible work and being out and about productive in the public eye does a lot to shift attitudes and guarantees women their own financial stability

3) moving away from harmful tradition and ortodox religious stances

4) time - the longer you keep the 3 above points going, the better, every new generation will grow up having stronger understanding of equality as the desired standard. I can see it in my family - even though she worked her entire life (and earned more) my grandma did all the childcare and housework, now my mum does most childcare but gets a lot of help with housework, women of my generation already want a man that will do half housework and as close to half of childcare as possiible. We were never rich enough for it to be the norm that only 1 parent needs to work to support the whole family. Also by the fact that women get the voting rights right after regetting independence I guess we just have a more equal approach. Those surveys correlate with the Inglehart-Welzel cultural map of the world:

[https://www.worldvaluessurvey.org/wvsimages/Cultural\_Map\_2023.png](https://www.worldvaluessurvey.org/wvsimages/Cultural_Map_2023.png)

High living standard + secular/self-expression values = equality.

Of course it doesn't happen of itself just because of that. Men don't hand women their rights; they have to fight for them and continue fighting, along with us men who stand by them. But if you live in a society with a poor living standard that focuses on traditional and religious values, it's much harder.

And values doesn't change overnight. As an example, abortion became legal in Sweden in 1975. I can imagine that there was a lot of fuss about it then, but I was born in 1980 and have never even questioned the right to abortion. I don't think I've heard another Swedish man do it either. Watching the debate in the USA feels very alien. 1. Democracy
There are more women than men, aka even ignoring everything else this makes them a stronger group and more represented than elsewhere. Most of the world is not as democratic as europe.

2. Most people arent religious, or not even nearly ""as much""

Almost all religions originate from an era where women were 2nd class citizens. Argue as much as u want and defend that the true meaning of any given religion isnt that, but when u look at the results, a hevaily christian, let alone a heavily muslim society is almost always deeply sexist.
Even those who say they are religious in europe, are often incomperable to the average religious person from for example the middle east. What counts as nornal level of religiousness in other places, might very well be labeled as extreme fanatism here.
Europe adopted secularism pretty well. Law comes first, which has many guarantees for women, and second: religion.
At many other parts of the world, religion and law arent even separate concepts, which makes implementing modern equality values extremely slow. War , WW2 riped Europe killing a lot of man , this made woman work more and this ofc force rule maker to account for womans need in laws making , you can see this a lot in post Soviet block, this is actually why I see huge rise of anti-feminizm in my region in young girls , overworked and tired and close to mental brake mom is a thing young girls is not a situation they like to get them self ... I’m in Sweden and thought that was bullshit until I moved to the UK. There some women were housewives, we don’t have that in Sweden here all women work. The men did almost no domestic work and they didn’t have parental leave. To not share the responsibility for home and kids are strange to me. That the man take zero paternity leave was bewildering. There’s also superficial stuff like the future husband and wife walking together down the aisle here while the father walks the bride down the aisle in the UK. Europeans have been incentivized to have more equitable societies for the longest.

We industrialized first. Came to the conclusion that ""oh my god all we have is subsistence farmers, we need qualified workers like *now""* first. Realized that there were not enough men in the world to grow fast first. Realized that emancipating women effectively doubles your workforce first. Realized that empowering workers make them more productive first. Realized educating, giving liberties, and giving equal opportunities produces the best outcomes first. Realized that affording these workers protections, and taking financial burdens off of them via services empowers them even further to invest in things that truly matter first.

These are all realizations that spread throughout Europe over a period of around 200 years. We know all this stuff has tangible benefits, because we've exhaustively tested it, and had societies rich enough *to* test it. Why is Europe ahead?

Because Europe (and especially West/Northern Europe) was the first geographical location with food security for commoners.

You don't have the energy to think about the next desires if your belly is rumbling.

You'll generally also see countries to enact lots of laws that favours women, before they enact laws that favours minorities. E.g. gay people.

There's a bit of a stair way, to process to the next step the current step needs to be fulfilled.

I lived in the Middle East for a year, I met several LGBT people. One comment just put it all together so nicely; Why would regular folks demand more rights for us, when they can't eat every day?

It's the same for women's rights, why would a mom have the energy to slam the drum if her kid is starving? She'll spend all day on getting another bite to eat for her and her family. I think most European countries are quite ‘atheist’ in our politics. Meaning religion and politics will never mix. This will often get rid of conservative/old oppressive opinions to not end up as laws or practices in society as a whole. It's because of wars. Millions of men were dead and the market needs workforce, so women and workers in general have more bargaining power in the society. The American colonies, for instance, were founded by Puritans. People so devoutly religious that they simply were not welcome anywhere else. So it really is at the root of the existance of the country.

In the 1600s: Puritans settled in New England, while in Europe: Protestants rose up against the tyranny of the catholic church and the royal houses that it maintained. It's funny to see this the same week that Dani Alves's trials founds not guilty. The same case with video recordings, certified PTSD by different psychological, up to 6 unrelated witness pointing him, up to 4 different versions of defence with substential changes and the unique defense's witness failing to meet the Dani Alve's version EACH time.

Yet judge said that due to her doing a fellation and not resisting by force it's not rape, despite being drugged, despite being forced to, despite being threated to, despite all the witness and evidences. Not guilty of sexual Abuse.

Tbh it's just a punch in woman's right that rich and powerfull men can still do whatever they want and get away with it. I'll add a thing- many universities have started having menstrual products on campus for free. You see them in cafes and restaurants too, as well tables for diaper changing, in men's rooms. And the presence of gender neutral toilets.

All of this can contribute to reducing social gender gaps I can speak to the formerly communist states (Eastern Europe). The whole communism and gender equality thing in Eastern Europe is kind of a mixed bag. On paper, communist governments really pushed for gender equality—women had full legal rights, got access to education, and were expected to work just like men. The state even provided things like childcare and paid maternity leave to make it happen. So yeah, a lot of women became doctors, engineers, and even politicians.

But in reality it wasn’t as equal as it seemed. Women were still expected to handle housework and childcare on top of their jobs (the classic ""double burden""). Sure, they were allowed in politics, but the big leadership roles still went to men. And while they were encouraged to work, they were often stuck in lower-paying jobs like teaching or nursing while men took over industry and government positions.

When communism collapsed, things got even trickier. A lot of those state-supported programs disappeared, making it harder for women to juggle work and family life. Unemployment hit them hard, and in some countries, traditional gender roles made a big comeback, especially with the rise of conservative and nationalist movements. Poland, for example, saw the Catholic Church gain influence and push for restrictions on abortion rights. Romania under Ceaușescu had some of the worst policies, like banning abortion and forcing childbirth. Meanwhile, places like Bulgaria and the Czech Republic managed to hold onto some of their old gender-equality policies.

So, did communism improve gender equality? Kind of. It got women into the workforce and gave them legal rights, but cultural barriers meant true equality was still out of reach. And after communism fell, a lot of those gains stalled. There have been a lot of good answers here already, so I'll answer the last question. Being a woman in the Nordic countries means that no woman here dreams of becoming a housewife. That's an occupation from our history books and considered a trap for women from poor countries. Here, we go to school, get an education, and go for our dream occupation being part of an equal workforce. Women can become anything they want, even the prime minister.

Yes, we do give birth to our children, but here in Sweden, it's very normal to share the parental leave. The mother usually takes the first 6 months due to breastfeeding and the father the second 6 months. Then we put our children to childcare, which is affordable and easily available everywhere.

No one gets trapped by domestic labour and gets a lower pension being dependent on a man. (Of course, there are low income women, too, but this is a generalisation).

ETA: Swedish men are also used to domestic chores more than in other countries, so it doesn't all fall on the woman of the house. My ex used to do most of the cooking; we did the dishes and cleaned together, and I did most of the laundry. On top of the usual comments we did lose a lot of men in WW1 and WW2 so women were needed in the labor force.

In Eastern Europe during communism there was a high need for skilled workers so women were encouraged to go to university.

The Nordic countries have the advantage of having a relatively low population so again gender equality was needed.

In short you can’t compete in the global economy if you oppress half your population unless you have a huge population or a huge amount of natural resources to export.

In short we ended up being ahead of the curve. 1. Democracy gives women the power to enforce their own rights
2. Social services give them the time and ability to use that power
3. Education makes sure they know how to use that power Anybody can say what they qant but actually its because its the nost atheist place in the world to live

Nothing forces women to a secindary role then religions, atheism removea those shackles and everything else is just an upgrade

The only other country in the world that is as atheist as european countries are is china, but thats fake atheism, people actually believe in their old chinese religions, but to not have issues qith the governmwnt they say they are atheist during a census I want to say because we are the least religious, but I know that there are probably more to it than that. Depends on the country. France for instance is a lot more patriarchal than the USA (actress Catherine Deneuve for example even argued there a few years ago that men should have the right to catcall and harass women and actor Roman Polanski still isn't in jail there, neither was he extradited to the USA), most European countries didn't make Marital Rape illegal until 1997, and in some Swiss cantons, women didn't have the right to vote until the late 1980s. Also witch trials were still happening in Europe into the early 19th century, while they stopped with the Salem Witch Trials in America (and it wasn't even the US back then), and Femicide is still common in Italy.

If you asked me which country is the most gender equal in the world, I'd say the USA by a long shot. Europe appears a lot more gender equal at first sight, but it is a lot more rapey and patriarchal continent.

There is also the disturbing phenomenon that a lot of Europeans support pedophilia and the age of consent is 14 in a lot of European countries (see the politicians Daniel Cohn-Bendit in France and Dagmar Döring in Germany).",174,Expensive_Giraffe398,https://www.reddit.com/r/AskEurope/comments/1jpbrv2/why_are_european_countries_the_most_gender_equal/,self-post,158,2025-04-02 02:43:44
